ID,Name,Availability,Price,Image
1360,Smart watch ,Available,327.75,http://images.acmesports.sports/Smart+watch 
365,Perfect Fitness Perfect Rip Deck,Available,59.99000168,http://images.acmesports.sports/Perfect+Fitness+Perfect+Rip+Deck
627,Under Armour Girls' Toddler Spine Surge Runni,Available,39.99000168,http://images.acmesports.sports/Under+Armour+Girls%27+Toddler+Spine+Surge+Running+Shoe
502,Nike Men's Dri-FIT Victory Golf Polo,Available,50.0,http://images.acmesports.sports/Nike+Men%27s+Dri-FIT+Victory+Golf+Polo
278,Under Armour Men's Compression EV SL Slide,Available,44.99000168,http://images.acmesports.sports/Under+Armour+Men%27s+Compression+EV+SL+Slide
249,Under Armour Women's Micro G Skulpt Running S,Available,54.97000122,http://images.acmesports.sports/Under+Armour+Women%27s+Micro+G+Skulpt+Running+Shoe
191,Nike Men's Free 5.0+ Running Shoe,Available,99.98999786,http://images.acmesports.sports/Nike+Men%27s+Free+5.0%2B+Running+Shoe
917,Glove It Women's Mod Oval 3-Zip Carry All Gol,Available,21.98999977,http://images.acmesports.sports/Glove+It+Women%27s+Mod+Oval+3-Zip+Carry+All+Golf+Bag
828,Bridgestone e6 Straight Distance NFL San Dieg,Available,31.98999977,http://images.acmesports.sports/Bridgestone+e6+Straight+Distance+NFL+San+Diego+Chargers...
642,Columbia Men's PFG Anchor Tough T-Shirt,Available,30.0,http://images.acmesports.sports/Columbia+Men%27s+PFG+Anchor+Tough+T-Shirt
818,Titleist Pro V1x Golf Balls,Available,47.99000168,http://images.acmesports.sports/Titleist+Pro+V1x+Golf+Balls
825,Bridgestone e6 Straight Distance NFL Tennesse,Available,31.98999977,http://images.acmesports.sports/Bridgestone+e6+Straight+Distance+NFL+Tennessee+Titans+Golf...
306,Polar FT4 Heart Rate Monitor,Available,89.98999786,http://images.acmesports.sports/Polar+FT4+Heart+Rate+Monitor
977,ENO Atlas Hammock Straps,Available,29.98999977,http://images.acmesports.sports/ENO+Atlas+Hammock+Straps
44,adidas Men's F10 Messi TRX FG Soccer Cleat,Available,59.99000168,http://images.acmesports.sports/adidas+Men%27s+F10+Messi+TRX+FG+Soccer+Cleat
251,Brooks Women's Ghost 6 Running Shoe,Available,89.98999786,http://images.acmesports.sports/Brooks+Women%27s+Ghost+6+Running+Shoe
403,Nike Men's CJ Elite 2 TD Football Cleat,Available,129.9900055,http://images.acmesports.sports/Nike+Men%27s+CJ+Elite+2+TD+Football+Cleat
957,Diamondback Women's Serene Classic Comfort Bi,Available,299.980011,http://images.acmesports.sports/Diamondback+Women%27s+Serene+Classic+Comfort+Bike+2014
1352,Industrial consumer electronics,Available,252.8800049,http://images.acmesports.sports/Industrial+consumer+electronics
1349,Web Camera,Available,452.0400085,http://images.acmesports.sports/Web+Camera
1351,Dell Laptop,Available,1500.0,http://images.acmesports.sports/Dell+Laptop
60,SOLE E25 Elliptical,Available,999.9899902,http://images.acmesports.sports/SOLE+E25+Elliptical
24,Elevation Training Mask 2.0,Available,79.98999786,http://images.acmesports.sports/Elevation+Training+Mask+2.0
567,adidas Men's Germany Black Crest Away Tee,Available,25.0,http://images.acmesports.sports/adidas+Men%27s+Germany+Black+Crest+Away+Tee
893,Team Golf Pittsburgh Steelers Putter Grip,Available,24.98999977,http://images.acmesports.sports/Team+Golf+Pittsburgh+Steelers+Putter+Grip
924,Glove It Urban Brick Golf Towel,Available,15.98999977,http://images.acmesports.sports/Glove+It+Urban+Brick+Golf+Towel
905,Team Golf Texas Longhorns Putter Grip,Available,24.98999977,http://images.acmesports.sports/Team+Golf+Texas+Longhorns+Putter+Grip
564,Nike Men's Deutschland Weltmeister Winners Bl,Available,30.0,http://images.acmesports.sports/Nike+Men%27s+Deutschland+Weltmeister+Winners+Black+T-Shirt
885,Team Golf St. Louis Cardinals Putter Grip,Available,24.98999977,http://images.acmesports.sports/Team+Golf+St.+Louis+Cardinals+Putter+Grip
1363,Summer dresses,Available,215.8200073,http://images.acmesports.sports/Summer+dresses
1353,Porcelain crafts,Available,461.480011,http://images.acmesports.sports/Porcelain+crafts
1357,Men's gala suit,Available,210.8500061,http://images.acmesports.sports/Men+gala+suit
906,Team Golf Tennessee Volunteers Putter Grip,Available,24.98999977,http://images.acmesports.sports/Team+Golf+Tennessee+Volunteers+Putter+Grip
886,Team Golf San Francisco Giants Putter Grip,Available,24.98999977,http://images.acmesports.sports/Team+Golf+San+Francisco+Giants+Putter+Grip
926,Glove It Imperial Golf Towel,Available,15.98999977,http://images.acmesports.sports/Glove+It+Imperial+Golf+Towel
116,Nike Men's Comfort 2 Slide,Available,44.99000168,http://images.acmesports.sports/Nike+Men%27s+Comfort+2+Slide
235,Under Armour Hustle Storm Medium Duffle Bag,Available,34.99000168,http://images.acmesports.sports/Under+Armour+Hustle+Storm+Medium+Duffle+Bag
273,Under Armour Kids' Mercenary Slide,Available,27.98999977,http://images.acmesports.sports/Under+Armour+Kids%27+Mercenary+Slide
282,Under Armour Women's Ignite PIP VI Slide,Available,31.98999977,http://images.acmesports.sports/Under+Armour+Women%27s+Ignite+PIP+VI+Slide
359,Nike Men's Free TR 5.0 TB Training Shoe,Available,99.98999786,http://images.acmesports.sports/Nike+Men%27s+Free+TR+5.0+TB+Training+Shoe
565,adidas Youth Germany Black/Red Away Match Soc,Available,70.0,http://images.acmesports.sports/adidas+Youth+Germany+Black%2FRed+Away+Match+Soccer+Jersey
572,TYR Boys' Team Digi Jammer,Available,39.99000168,http://images.acmesports.sports/TYR+Boys%27+Team+Digi+Jammer
804,Glove It Women's Imperial Golf Glove,Available,19.98999977,http://images.acmesports.sports/Glove+It+Women%27s+Imperial+Golf+Glove
822,Titleist Pro V1x High Numbers Golf Balls,Available,47.99000168,http://images.acmesports.sports/Titleist+Pro+V1x+High+Numbers+Golf+Balls
835,Bridgestone e6 Straight Distance NFL Carolina,Available,31.98999977,http://images.acmesports.sports/Bridgestone+e6+Straight+Distance+NFL+Carolina+Panthers+Golf...
276,Under Armour Women's Ignite Slide,Available,31.98999977,http://images.acmesports.sports/Under+Armour+Women%27s+Ignite+Slide
823,Titleist Pro V1x High Numbers Personalized Go,Available,51.99000168,http://images.acmesports.sports/Titleist+Pro+V1x+High+Numbers+Personalized+Golf+Balls
203,GoPro HERO3+ Black Edition Camera,Available,399.9899902,http://images.acmesports.sports/GoPro+HERO3%2B+Black+Edition+Camera
364,Total Gym 1400,Available,299.9899902,http://images.acmesports.sports/Total+Gym+1400
1350,Children's heaters,Available,357.1000061,http://images.acmesports.sports/Children+heaters
897,Team Golf New England Patriots Putter Grip,Available,24.98999977,http://images.acmesports.sports/Team+Golf+New+England+Patriots+Putter+Grip
37,adidas Kids' F5 Messi FG Soccer Cleat,Available,34.99000168,http://images.acmesports.sports/adidas+Kids%27+F5+Messi+FG+Soccer+Cleat
172,Nike Women's Tempo Shorts,Available,30.0,http://images.acmesports.sports/Nike+Women%27s+Tempo+Shorts
810,Glove It Women's Mod Oval Golf Glove,Available,19.98999977,http://images.acmesports.sports/Glove+It+Women%27s+Mod+Oval+Golf+Glove
821,Titleist Pro V1 High Numbers Personalized Gol,Available,51.99000168,http://images.acmesports.sports/Titleist+Pro+V1+High+Numbers+Personalized+Golf+Balls
93,Under Armour Men's Tech II T-Shirt,Available,24.98999977,http://images.acmesports.sports/Under+Armour+Men%27s+Tech+II+T-Shirt
1347,Baby sweater,Available,59.08000183,http://images.acmesports.sports/Baby+sweater
305,Mio ALPHA Heart Rate Monitor/Sport Watch,Available,199.0,http://images.acmesports.sports/Mio+ALPHA+Heart+Rate+Monitor%2FSport+Watch
1004,Field & Stream Sportsman 16 Gun Fire Safe,Available,399.980011,http://images.acmesports.sports/Field+%26+Stream+Sportsman+16+Gun+Fire+Safe
1346,Sports Books ,Available,31.07999992,http://images.acmesports.sports/Sports+Books
58,Diamondback Boys' Insight 24 Performance Hybr,Available,299.9899902,http://images.acmesports.sports/Diamondback+Boys%27+Insight+24+Performance+Hybrid+Bike+2014
311,Polar Loop Activity Tracker,Available,109.9499969,http://images.acmesports.sports/Polar+Loop+Activity+Tracker
303,Garmin Forerunner 910XT GPS Watch,Available,399.9899902,http://images.acmesports.sports/Garmin+Forerunner+910XT+GPS+Watch
1354,DVDs ,Available,164.3800049,http://images.acmesports.sports/DVDs
1348,CDs of rock,Available,11.28999996,http://images.acmesports.sports/CDs+of+rock
78,Nike Kids' Grade School KD VI Basketball Shoe,Available,99.98999786,http://images.acmesports.sports/Nike+Kids%27+Grade+School+KD+VI+Basketball+Shoe
258,Nike Women's Free 5.0 TR FIT PRT 4 Training S,Available,94.98999786,http://images.acmesports.sports/Nike+Women%27s+Free+5.0+TR+FIT+PRT+4+Training+Shoe
797,Hirzl Women's Soffft Flex Golf Glove,Available,17.98999977,http://images.acmesports.sports/Hirzl+Women%27s+Soffft+Flex+Golf+Glove
981,The North Face Women's Recon Backpack,Available,99.0,http://images.acmesports.sports/The+North+Face+Women%27s+Recon+Backpack
1355,Lawn mower,Available,532.5800171,http://images.acmesports.sports/Lawn+mower
135,Nike Dri-FIT Crew Sock 6 Pack,Available,22.0,http://images.acmesports.sports/Nike+Dri-FIT+Crew+Sock+6+Pack
134,Nike Women's Legend V-Neck T-Shirt,Available,25.0,http://images.acmesports.sports/Nike+Women%27s+Legend+V-Neck+T-Shirt
845,Garmin Approach S4 Golf GPS Watch,Available,299.9899902,http://images.acmesports.sports/Garmin+Approach+S4+Golf+GPS+Watch
982,insta-bed Neverflat Air Mattress,Available,149.9900055,http://images.acmesports.sports/insta-bed+Neverflat+Air+Mattress
625,Nike Men's Kobe IX Elite Low Basketball Shoe,Available,199.9900055,http://images.acmesports.sports/Nike+Men%27s+Kobe+IX+Elite+Low+Basketball+Shoe
1359,Adult dog supplies,Available,84.40000153,http://images.acmesports.sports/Adult+dog+supplies
1356,First aid kit,Available,293.0400085,http://images.acmesports.sports/First+aid+kit
607,Garmin Approach S3 Golf GPS Watch,Available,249.9900055,http://images.acmesports.sports/Garmin+Approach+S3+Golf+GPS+Watch
1358,Rock music,Available,260.6499939,http://images.acmesports.sports/Rock+music
1362,Fighting video games,Available,39.75,http://images.acmesports.sports/Fighting+video+games
295,Fitbit The One Wireless Activity & Sleep Trac,Available,99.94999695,http://images.acmesports.sports/Fitbit+The+One+Wireless+Activity+%26+Sleep+Tracker
127,Stiga Master Series ST3100 Competition Indoor,Available,329.9899902,http://images.acmesports.sports/Stiga+Master+Series+ST3100+Competition+Indoor+Table+Tennis...
61,Diamondback Girls' Clarity 24 Hybrid Bike 201,Available,299.9899902,http://images.acmesports.sports/Diamondback+Girls%27+Clarity+24+Hybrid+Bike+2014
35,adidas Brazuca 2014 Official Match Ball,Available,159.9900055,http://images.acmesports.sports/adidas+Brazuca+2014+Official+Match+Ball
858,GolfBuddy VT3 GPS Watch,Available,199.9900055,http://images.acmesports.sports/GolfBuddy+VT3+GPS+Watch
860,Bushnell Pro X7 Jolt Slope Rangefinder,Available,599.9899902,http://images.acmesports.sports/Bushnell+Pro+X7+Jolt+Slope+Rangefinder
216,Yakima DoubleDown Ace Hitch Mount 4-Bike Rack,Available,189.0,http://images.acmesports.sports/Yakima+DoubleDown+Ace+Hitch+Mount+4-Bike+Rack
19,Nike Men's Fingertrap Max Training Shoe,Available,124.9899979,http://images.acmesports.sports/Nike+Men%27s+Fingertrap+Max+Training+Shoe
226,Bowflex SelectTech 1090 Dumbbells,Available,599.9899902,http://images.acmesports.sports/Bowflex+SelectTech+1090+Dumbbells
208,SOLE E35 Elliptical,Available,1999.98999,http://images.acmesports.sports/SOLE+E35+Elliptical
793,Hirzl Women's Hybrid Golf Glove,Available,14.98999977,http://images.acmesports.sports/Hirzl+Women%27s+Hybrid+Golf+Glove
792,Hirzl Men's Hybrid Golf Glove,Available,14.98999977,http://images.acmesports.sports/Hirzl+Men%27s+Hybrid+Golf+Glove
786,TaylorMade 2014 Purelite Stand Bag,Available,179.9900055,http://images.acmesports.sports/TaylorMade+2014+Purelite+Stand+Bag
778,Bag Boy Beverage Holder,Available,24.98999977,http://images.acmesports.sports/Bag+Boy+Beverage+Holder
777,Bag Boy M330 Push Cart,Available,79.98999786,http://images.acmesports.sports/Bag+Boy+M330+Push+Cart
775,Clicgear 8.0 Shoe Brush,Available,9.989999771,http://images.acmesports.sports/Clicgear+8.0+Shoe+Brush
773,Titleist Small Wheeled Travel Cover,Available,249.9900055,http://images.acmesports.sports/Titleist+Small+Wheeled+Travel+Cover
771,Clicgear Rovic Cooler Bag,Available,39.99000168,http://images.acmesports.sports/Clicgear+Rovic+Cooler+Bag
768,Titleist Club Glove Travel Cover,Available,299.9899902,http://images.acmesports.sports/Titleist+Club+Glove+Travel+Cover
743,Ogio Race Golf Shoes,Available,169.9900055,http://images.acmesports.sports/Ogio+Race+Golf+Shoes
730,LIJA Women's Argyle Golf Polo,Available,80.0,http://images.acmesports.sports/LIJA+Women%27s+Argyle+Golf+Polo
728,LIJA Women's Eyelet Sleeveless Golf Polo,Available,65.0,http://images.acmesports.sports/LIJA+Women%27s+Eyelet+Sleeveless+Golf+Polo
725,LIJA Women's Button Golf Dress,Available,108.0,http://images.acmesports.sports/LIJA+Women%27s+Button+Golf+Dress
724,LIJA Women's Mid-Length Panel Golf Shorts,Available,100.0,http://images.acmesports.sports/LIJA+Women%27s+Mid-Length+Panel+Golf+Shorts
715,TaylorMade Women's RBZ SL Rescue,Available,129.9900055,http://images.acmesports.sports/TaylorMade+Women%27s+RBZ+SL+Rescue
705,Cleveland Golf Women's 588 RTX CB Satin Chrom,Available,119.9899979,http://images.acmesports.sports/Cleveland+Golf+Women%27s+588+RTX+CB+Satin+Chrome+Wedge
703,Top Flite Women's 2014 XL Hybrid,Available,19.98999977,http://images.acmesports.sports/Top+Flite+Women%27s+2014+XL+Hybrid
691,MDGolf Pittsburgh Penguins Putter,Available,79.98999786,http://images.acmesports.sports/MDGolf+Pittsburgh+Penguins+Putter
677,TaylorMade White Smoke IN-12 Putter,Available,99.98999786,http://images.acmesports.sports/TaylorMade+White+Smoke+IN-12+Putter
671,Cleveland Golf Collegiate My Custom Wedge 588,Available,209.9900055,http://images.acmesports.sports/Cleveland+Golf+Collegiate+My+Custom+Wedge+588+RTX+Forged...
666,Merrell Men's All Out Flash Trail Running Sho,Available,109.9899979,http://images.acmesports.sports/Merrell+Men%27s+All+Out+Flash+Trail+Running+Shoe
652,Merrell Women's Grassbow Sport Waterproof Hik,Available,129.9900055,http://images.acmesports.sports/Merrell+Women%27s+Grassbow+Sport+Waterproof+Hiking+Shoe
647,Merrell Women's Siren Mid Waterproof Hiking B,Available,134.9900055,http://images.acmesports.sports/Merrell+Women%27s+Siren+Mid+Waterproof+Hiking+Boot
646,Merrell Women's Grassbow Sport Hiking Shoe,Available,99.98999786,http://images.acmesports.sports/Merrell+Women%27s+Grassbow+Sport+Hiking+Shoe
1361,Toys ,Available,11.53999996,http://images.acmesports.sports/Toys 
1073,Pelican Sunstream 100 Kayak,Available,199.9900055,http://images.acmesports.sports/Pelican+Sunstream+100+Kayak
1059,Pelican Maverick 100X Kayak,Available,349.9899902,http://images.acmesports.sports/Pelican+Maverick+100X+Kayak
1014,O'Brien Men's Neoprene Life Vest,Available,49.97999954,http://images.acmesports.sports/O%27Brien+Men%27s+Neoprene+Life+Vest
